{
  "root": "R0",
  "trials": 10000,
  "successes": 4150,
  "p_mean": 0.415,
  "p_ci95": [
    0.4053426481890738,
    0.4246573518109262
  ]
}